"id(h)","type(r)","id(t)"
"107","TECH","107"
"1012","TECH","107"
"100","TECH","107"
"99","TECH","107"
"469","TECH","107"
"106","TECH","107"
"67","TECH","107"
"977","TECH","570"
"562","TECH","570"
"567","TECH","570"
"568","TECH","570"
"561","TECH","570"
"978","TECH","570"
"980","TECH","570"
"127","TECH","570"
"566","TECH","570"
"563","TECH","570"
"979","TECH","570"
"559","TECH","570"
"569","TECH","570"
"555","TECH","570"
"350","TECH","570"
"557","TECH","570"
"558","TECH","570"
"553","TECH","570"
"554","TECH","570"
"215","TECH","570"
"981","TECH","570"
"1003","TECH","570"
"565","TECH","570"
"560","TECH","570"
"564","TECH","570"
"570","TECH","570"
"976","TECH","570"
"217","TECH","570"
"219","TECH","570"
"571","TECH","570"
"556","TECH","570"
"963","TECH","992"
"965","TECH","992"
"168","TECH","992"
"162","TECH","992"
"490","TECH","992"
"957","TECH","992"
"956","TECH","992"
"522","TECH","992"
"523","TECH","992"
"524","TECH","992"
"530","TECH","992"
"967","TECH","992"
"77","TECH","992"
"961","TECH","992"
"974","TECH","992"
"528","TECH","992"
"954","TECH","992"
"966","TECH","992"
"975","TECH","992"
"958","TECH","992"
"962","TECH","992"
"952","TECH","992"
"971","TECH","992"
"525","TECH","992"
"953","TECH","992"
"968","TECH","992"
"964","TECH","992"
"973","TECH","992"
"531","TECH","992"
"970","TECH","992"
"969","TECH","992"
"959","TECH","992"
"955","TECH","992"
"529","TECH","992"
"972","TECH","992"
"527","TECH","992"
"650","TECH","992"
"478","TECH","992"
"960","TECH","992"
"1019","TECH","992"
"526","TECH","992"
"1018","TECH","992"
"992","TECH","992"
"1196","FRAME_RELATED","1025"
"990","FRAME","1025"
"1014","FRAME","1025"
"1024","FRAME","1025"
"820","FRAME","1025"
"830","FRAME","1025"
"827","FRAME","1025"
"233","FRAME","1025"
"612","FRAME","1025"
"828","FRAME","1025"
"821","FRAME","1025"
"826","FRAME","1025"
"822","FRAME","1025"
"824","FRAME","1025"
"819","FRAME","1025"
"818","FRAME","1025"
"823","FRAME","1025"
"831","FRAME","1025"
"817","FRAME","1025"
"829","FRAME","1025"
"825","FRAME","1025"
"770","FRAME","1026"
"797","FRAME","1026"
"771","FRAME","1026"
"776","FRAME","1026"
"1023","FRAME","1026"
"406","FRAME","1026"
"153","FRAME","1026"
"661","FRAME","1026"
"829","FRAME","1026"
"14","FRAME","1026"
"764","FRAME","1026"
"236","FRAME","1026"
"769","FRAME","1026"
"228","FRAME","1026"
"622","FRAME","1026"
"775","FRAME","1026"
"241","FRAME","1026"
"800","FRAME","1026"
"615","FRAME","1026"
"614","FRAME","1026"
"806","FRAME","1026"
"814","FRAME","1026"
"16","FRAME","1026"
"779","FRAME","1026"
"773","FRAME","1026"
"233","FRAME","1026"
"443","FRAME","1026"
"679","FRAME","1026"
"235","FRAME","1026"
"794","FRAME","1026"
"609","FRAME","1026"
"765","FRAME","1026"
"774","FRAME","1026"
"768","FRAME","1026"
"618","FRAME","1026"
"767","FRAME","1026"
"613","FRAME","1026"
"610","FRAME","1026"
"762","FRAME","1026"
"766","FRAME","1026"
"763","FRAME","1026"
"629","FRAME","1026"
"624","FRAME","1026"
"772","FRAME","1026"
"158","FRAME","1026"
"638","FRAME","1027"
"639","FRAME","1027"
"133","FRAME","1027"
"636","FRAME","1027"
"640","FRAME","1027"
"630","FRAME","1027"
"637","FRAME","1027"
"992","FRAME","1028"
"122","FRAME","1028"
"632","FRAME","1028"
"117","FRAME","1028"
"994","FRAME","1028"
"637","FRAME","1029"
"635","FRAME","1029"
"1172","FRAME_RELATED","1030"
"513","FRAME","1030"
"652","FRAME","1030"
"514","FRAME","1030"
"653","FRAME","1030"
"642","FRAME","1030"
"118","FRAME","1030"
"518","FRAME","1030"
"507","FRAME","1030"
"631","FRAME","1030"
"992","FRAME","1030"
"647","FRAME","1030"
"651","FRAME","1030"
"521","FRAME","1030"
"134","FRAME","1030"
"504","FRAME","1030"
"520","FRAME","1030"
"648","FRAME","1030"
"641","FRAME","1030"
"644","FRAME","1030"
"650","FRAME","1030"
"645","FRAME","1030"
"994","FRAME","1030"
"510","FRAME","1030"
"649","FRAME","1030"
"516","FRAME","1030"
"646","FRAME","1030"
"505","FRAME","1030"
"1184","FRAME_RELATED","1031"
"1171","FRAME_RELATED","1031"
"1185","FRAME_RELATED","1031"
"643","FRAME","1031"
"630","FRAME","1031"
"994","FRAME","1031"
"29","FRAME","1031"
"122","FRAME","1031"
"28","FRAME","1031"
"636","FRAME","1031"
"1171","FRAME_RELATED","1032"
"795","FRAME","1032"
"643","FRAME","1032"
"27","FRAME","1032"
"29","FRAME","1032"
"30","FRAME","1032"
"72","FRAME","1032"
"122","FRAME","1032"
"1193","FRAME_RELATED","1033"
"1001","FRAME","1033"
"707","FRAME","1033"
"699","FRAME","1033"
"836","FRAME","1033"
"708","FRAME","1033"
"706","FRAME","1033"
"662","FRAME","1033"
"1015","FRAME","1033"
"704","FRAME","1033"
"705","FRAME","1033"
"989","FRAME","1033"
"709","FRAME","1033"
"615","FRAME","1033"
"616","FRAME","1033"
"145","FRAME","1033"
"660","FRAME","1033"
"593","FRAME","1033"
"700","FRAME","1033"
"703","FRAME","1033"
"698","FRAME","1033"
"617","FRAME","1033"
"702","FRAME","1033"
"1336","FRAME_RELATED","1034"
"136","FRAME","1034"
"231","FRAME","1034"
"670","FRAME","1034"
"1020","FRAME","1034"
"805","FRAME","1034"
"669","FRAME","1034"
"234","FRAME","1034"
"132","FRAME","1034"
"846","FRAME","1034"
"1189","FRAME_RELATED","1035"
"1019","FRAME","1035"
"680","FRAME","1035"
"681","FRAME","1035"
"610","FRAME","1035"
"1022","FRAME","1035"
"672","FRAME","1035"
"769","FRAME","1035"
"677","FRAME","1035"
"779","FRAME","1035"
"766","FRAME","1035"
"767","FRAME","1035"
"722","FRAME","1035"
"676","FRAME","1035"
"679","FRAME","1035"
"683","FRAME","1035"
"622","FRAME","1035"
"674","FRAME","1035"
"673","FRAME","1035"
"768","FRAME","1035"
"675","FRAME","1035"
"1015","FRAME","1035"
"847","FRAME","1035"
"678","FRAME","1035"
"608","FRAME","1035"
"770","FRAME","1035"
"803","FRAME","1035"
"689","FRAME","1036"
"693","FRAME","1036"
"688","FRAME","1036"
"690","FRAME","1036"
"694","FRAME","1036"
"620","FRAME","1036"
"687","FRAME","1036"
"607","FRAME","1036"
"696","FRAME","1036"
"704","FRAME","1037"
"1189","FRAME_RELATED","1038"
"844","FRAME","1038"
"716","FRAME","1038"
"847","FRAME","1038"
"845","FRAME","1038"
"848","FRAME","1038"
"846","FRAME","1038"
"731","FRAME","1039"
"728","FRAME","1039"
"730","FRAME","1039"
"1176","FRAME_RELATED","1040"
"740","FRAME","1040"
"741","FRAME","1040"
"735","FRAME","1040"
"744","FRAME","1040"
"736","FRAME","1040"
"735","FRAME","1041"
"745","FRAME","1041"
"740","FRAME","1041"
"244","FRAME","1041"
"742","FRAME","1041"
"739","FRAME","1041"
"744","FRAME","1041"
"755","FRAME","1042"
"754","FRAME","1042"
"760","FRAME","1042"
"756","FRAME","1042"
"748","FRAME","1042"
"1013","FRAME","1042"
"758","FRAME","1042"
"753","FRAME","1042"
"749","FRAME","1042"
"761","FRAME","1042"
"1006","FRAME","1042"
"757","FRAME","1042"
"751","FRAME","1042"
"1018","FRAME","1042"
"759","FRAME","1042"
"750","FRAME","1042"
"752","FRAME","1042"
"791","FRAME","1043"
"807","FRAME","1043"
"1193","FRAME_RELATED","1044"
"839","FRAME","1044"
"832","FRAME","1044"
"831","FRAME","1044"
"821","FRAME","1044"
"837","FRAME","1044"
"838","FRAME","1044"
"833","FRAME","1044"
"836","FRAME","1044"
"840","FRAME","1044"
"145","FRAME","1044"
"835","FRAME","1044"
"829","FRAME","1044"
"822","FRAME","1044"
"810","FRAME","1044"
"834","FRAME","1044"
"825","FRAME","1044"
"854","FRAME","1045"
"856","FRAME","1045"
"849","FRAME","1045"
"852","FRAME","1045"
"850","FRAME","1045"
"859","FRAME","1045"
"851","FRAME","1045"
"853","FRAME","1045"
"857","FRAME","1045"
"858","FRAME","1045"
"695","FRAME","1045"
"855","FRAME","1045"
"862","FRAME","1046"
"609","FRAME","1047"
"145","FRAME","1047"
"1024","FRAME","1047"
"619","FRAME","1047"
"153","FRAME","1047"
"1014","FRAME","1047"
"693","FRAME","1047"
"691","FRAME","1047"
"14","FRAME","1047"
"616","FRAME","1047"
"712","FRAME","1047"
"1185","FRAME_RELATED","1048"
"28","FRAME","1048"
"29","FRAME","1048"
"1264","FRAME_RELATED","1049"
"29","FRAME","1049"
"994","FRAME","1049"
"994","FRAME","1050"
"30","FRAME","1050"
"95","FRAME","1050"
"131","FRAME","1051"
"98","FRAME","1051"
"132","FRAME","1052"
"43","FRAME","1052"
"35","FRAME","1052"
"158","FRAME","1053"
"1001","FRAME","1053"
"1024","FRAME","1054"
"593","FRAME","1054"
"1013","FRAME","1054"
"990","FRAME","1054"
"193","FRAME","1054"
"194","FRAME","1054"
"1014","FRAME","1054"
"443","FRAME","1054"
"1018","FRAME","1054"
"989","FRAME","1054"
"707","FRAME","1054"
"184","FRAME","1054"
"196","FRAME","1054"
"1363","FRAME_RELATED","1055"
"220","FRAME","1055"
"215","FRAME","1055"
"1009","FRAME","1055"
"214","FRAME","1055"
"1014","FRAME","1055"
"219","FRAME","1055"
"1024","FRAME","1055"
"222","FRAME","1055"
"990","FRAME","1055"
"1015","FRAME","1055"
"1018","FRAME","1055"
"1019","FRAME","1055"
"595","FRAME","1055"
"989","FRAME","1055"
"1013","FRAME","1055"
"725","FRAME","1056"
"294","FRAME","1057"
"300","FRAME","1057"
"306","FRAME","1058"
"304","FRAME","1058"
"309","FRAME","1058"
"303","FRAME","1058"
"308","FRAME","1058"
"355","FRAME","1059"
"356","FRAME","1059"
"459","FRAME","1060"
"1021","FRAME","1060"
"1245","FRAME_RELATED","1061"
"1362","FRAME_RELATED","1061"
"572","FRAME","1061"
"1018","FRAME","1061"
"607","FRAME","1061"
"1006","FRAME","1061"
"575","FRAME","1061"
"616","FRAME","1062"
"627","FRAME","1063"
"806","FRAME","1063"
"658","FRAME","1064"
"1185","FRAME_RELATED","1065"
"697","FRAME","1065"
"1006","FRAME","1066"
"701","FRAME","1066"
"1001","FRAME","1066"
"810","FRAME","1066"
"739","FRAME","1067"
"743","FRAME","1068"
"788","FRAME","1069"
"842","FRAME","1070"
"704","FRAME","1071"
"844","FRAME","1071"
"95","FRAME","1072"
"994","FRAME","1072"
"32","FRAME","1072"
"145","FRAME","1073"
"1355","FRAME_RELATED","1074"
"1364","FRAME_RELATED","1074"
"208","FRAME","1074"
"1015","FRAME","1074"
"311","FRAME","1075"
"405","FRAME","1076"
"1362","FRAME_RELATED","1077"
"405","FRAME","1077"
"1018","FRAME","1078"
"1009","FRAME","1078"
"1015","FRAME","1078"
"1020","FRAME","1078"
"1001","FRAME","1078"
"1024","FRAME","1078"
"1006","FRAME","1078"
"1021","FRAME","1079"
"1184","FRAME_RELATED","1108"
"1168","FRAME_RELATED","1109"
"1168","FRAME_RELATED","1110"
"1186","FRAME_RELATED","1111"
"1186","FRAME_RELATED","1112"
"1224","FRAME_RELATED","1113"
"1196","FRAME_RELATED","1113"
"1228","FRAME_RELATED","1114"
"1176","FRAME_RELATED","1115"
"1346","FRAME_RELATED","1116"
"1346","FRAME_RELATED","1117"
"1177","FRAME_RELATED","1118"
"1245","FRAME_RELATED","1119"
"1201","FRAME_RELATED","1120"
"1227","FRAME_RELATED","1121"
"1254","FRAME_RELATED","1122"
"684","LANG","1123"
"776","LANG","1123"
"1015","LANG","1123"
"450","LANG","1123"
"610","LANG","1123"
"406","LANG","1123"
"152","LANG","1123"
"835","LANG","1123"
"675","LANG","1123"
"790","LANG","1123"
"676","LANG","1123"
"701","LANG","1123"
"825","LANG","1123"
"681","LANG","1123"
"839","LANG","1123"
"762","LANG","1123"
"682","LANG","1123"
"1024","LANG","1123"
"468","LANG","1123"
"155","LANG","1123"
"137","LANG","1123"
"1001","LANG","1123"
"17","LANG","1123"
"703","LANG","1123"
"159","LANG","1123"
"292","LANG","1123"
"851","LANG","1123"
"189","LANG","1123"
"1022","LANG","1123"
"699","LANG","1123"
"683","LANG","1123"
"832","LANG","1123"
"157","LANG","1123"
"349","LANG","1123"
"764","LANG","1123"
"626","LANG","1123"
"722","LANG","1123"
"601","LANG","1123"
"773","LANG","1123"
"723","LANG","1123"
"768","LANG","1123"
"1013","LANG","1123"
"697","LANG","1123"
"829","LANG","1123"
"136","LANG","1123"
"154","LANG","1123"
"622","LANG","1123"
"229","LANG","1123"
"443","LANG","1123"
"447","LANG","1123"
"813","LANG","1123"
"1003","LANG","1123"
"849","LANG","1123"
"772","LANG","1123"
"710","LANG","1123"
"706","LANG","1123"
"629","LANG","1123"
"833","LANG","1123"
"698","LANG","1123"
"239","LANG","1123"
"609","LANG","1123"
"151","LANG","1123"
"615","LANG","1123"
"15","LANG","1123"
"241","LANG","1123"
"150","LANG","1123"
"754","LANG","1123"
"608","LANG","1123"
"623","LANG","1123"
"624","LANG","1123"
"616","LANG","1123"
"1014","LANG","1123"
"840","LANG","1123"
"60","LANG","1123"
"451","LANG","1123"
"153","LANG","1123"
"398","LANG","1123"
"767","LANG","1123"
"190","LANG","1123"
"613","LANG","1123"
"859","LANG","1123"
"700","LANG","1123"
"785","LANG","1123"
"855","LANG","1123"
"233","LANG","1123"
"411","LANG","1123"
"611","LANG","1123"
"670","LANG","1123"
"612","LANG","1123"
"1019","LANG","1123"
"770","LANG","1123"
"696","LANG","1123"
"838","LANG","1123"
"607","LANG","1123"
"778","LANG","1123"
"18","LANG","1123"
"841","LANG","1123"
"1023","LANG","1123"
"20","LANG","1123"
"989","LANG","1123"
"412","LANG","1123"
"702","LANG","1123"
"1006","LANG","1123"
"854","LANG","1123"
"765","LANG","1123"
"769","LANG","1123"
"714","LANG","1123"
"784","LANG","1123"
"158","LANG","1123"
"775","LANG","1123"
"951","LANG","1123"
"826","LANG","1123"
"797","LANG","1123"
"677","LANG","1123"
"1018","LANG","1123"
"672","LANG","1123"
"779","LANG","1123"
"663","LANG","1123"
"821","LANG","1123"
"156","LANG","1123"
"673","LANG","1123"
"625","LANG","1123"
"713","LANG","1123"
"763","LANG","1123"
"837","LANG","1123"
"135","LANG","1123"
"614","LANG","1123"
"1021","LANG","1123"
"1012","LANG","1123"
"1009","LANG","1123"
"16","LANG","1123"
"847","LANG","1123"
"771","LANG","1123"
"774","LANG","1123"
"237","LANG","1123"
"766","LANG","1123"
"687","LANG","1123"
"1456","LANG_RELATED","1123"
"1026","LANG_RELATED","1123"
"1086","LANG_RELATED","1123"
"1193","LANG_RELATED","1123"
"1191","LANG_RELATED","1123"
"1540","LANG_RELATED","1123"
"1178","LANG_RELATED","1123"
"1189","LANG_RELATED","1123"
"1384","LANG_RELATED","1123"
"1642","LANG_RELATED","1123"
"1195","LANG_RELATED","1123"
"1472","LANG_RELATED","1123"
"837","LANG","1124"
"762","LANG","1124"
"673","LANG","1124"
"608","LANG","1124"
"159","LANG","1124"
"771","LANG","1124"
"614","LANG","1124"
"670","LANG","1124"
"1015","LANG","1124"
"1021","LANG","1124"
"152","LANG","1124"
"851","LANG","1124"
"618","LANG","1124"
"775","LANG","1124"
"769","LANG","1124"
"703","LANG","1124"
"431","LANG","1124"
"1019","LANG","1124"
"779","LANG","1124"
"155","LANG","1124"
"838","LANG","1124"
"136","LANG","1124"
"1023","LANG","1124"
"135","LANG","1124"
"1013","LANG","1124"
"698","LANG","1124"
"663","LANG","1124"
"833","LANG","1124"
"702","LANG","1124"
"696","LANG","1124"
"349","LANG","1124"
"785","LANG","1124"
"774","LANG","1124"
"18","LANG","1124"
"611","LANG","1124"
"697","LANG","1124"
"776","LANG","1124"
"859","LANG","1124"
"700","LANG","1124"
"772","LANG","1124"
"800","LANG","1124"
"610","LANG","1124"
"1022","LANG","1124"
"15","LANG","1124"
"607","LANG","1124"
"784","LANG","1124"
"237","LANG","1124"
"770","LANG","1124"
"615","LANG","1124"
"683","LANG","1124"
"713","LANG","1124"
"766","LANG","1124"
"829","LANG","1124"
"153","LANG","1124"
"624","LANG","1124"
"626","LANG","1124"
"612","LANG","1124"
"609","LANG","1124"
"1014","LANG","1124"
"677","LANG","1124"
"813","LANG","1124"
"628","LANG","1124"
"768","LANG","1124"
"672","LANG","1124"
"623","LANG","1124"
"1024","LANG","1124"
"754","LANG","1124"
"824","LANG","1124"
"16","LANG","1124"
"616","LANG","1124"
"157","LANG","1124"
"767","LANG","1124"
"158","LANG","1124"
"411","LANG","1124"
"773","LANG","1124"
"681","LANG","1124"
"699","LANG","1124"
"835","LANG","1124"
"156","LANG","1124"
"20","LANG","1124"
"233","LANG","1124"
"622","LANG","1124"
"151","LANG","1124"
"841","LANG","1124"
"840","LANG","1124"
"832","LANG","1124"
"613","LANG","1124"
"447","LANG","1124"
"629","LANG","1124"
"625","LANG","1124"
"1003","LANG","1124"
"849","LANG","1124"
"778","LANG","1124"
"676","LANG","1124"
"821","LANG","1124"
"765","LANG","1124"
"706","LANG","1124"
"854","LANG","1124"
"684","LANG","1124"
"763","LANG","1124"
"1006","LANG","1124"
"412","LANG","1124"
"839","LANG","1124"
"154","LANG","1124"
"847","LANG","1124"
"682","LANG","1124"
"675","LANG","1124"
"687","LANG","1124"
"150","LANG","1124"
"1001","LANG","1124"
"451","LANG","1124"
"601","LANG","1124"
"764","LANG","1124"
"1053","LANG_RELATED","1124"
"1456","LANG_RELATED","1124"
"1026","LANG_RELATED","1124"
"1384","LANG_RELATED","1124"
"1189","LANG_RELATED","1124"
"1075","LANG_RELATED","1124"
"1193","LANG_RELATED","1124"
"1540","LANG_RELATED","1124"
"1195","LANG_RELATED","1124"
"1472","LANG_RELATED","1124"
"650","LANG","1125"
"634","LANG","1125"
"777","LANG","1125"
"103","LANG","1125"
"122","LANG","1125"
"465","LANG","1125"
"1024","LANG","1125"
"841","LANG","1125"
"550","LANG","1125"
"793","LANG","1125"
"446","LANG","1125"
"517","LANG","1125"
"1012","LANG","1125"
"637","LANG","1125"
"519","LANG","1125"
"29","LANG","1125"
"1018","LANG","1125"
"402","LANG","1125"
"116","LANG","1125"
"72","LANG","1125"
"514","LANG","1125"
"631","LANG","1125"
"76","LANG","1125"
"372","LANG","1125"
"177","LANG","1125"
"180","LANG","1125"
"250","LANG","1125"
"125","LANG","1125"
"795","LANG","1125"
"369","LANG","1125"
"570","LANG","1125"
"399","LANG","1125"
"495","LANG","1125"
"183","LANG","1125"
"781","LANG","1125"
"616","LANG","1125"
"61","LANG","1125"
"787","LANG","1125"
"656","LANG","1125"
"788","LANG","1125"
"171","LANG","1125"
"658","LANG","1125"
"796","LANG","1125"
"1021","LANG","1125"
"178","LANG","1125"
"28","LANG","1125"
"60","LANG","1125"
"1003","LANG","1125"
"799","LANG","1125"
"789","LANG","1125"
"652","LANG","1125"
"360","LANG","1125"
"272","LANG","1125"
"179","LANG","1125"
"649","LANG","1125"
"783","LANG","1125"
"401","LANG","1125"
"567","LANG","1125"
"782","LANG","1125"
"786","LANG","1125"
"416","LANG","1125"
"648","LANG","1125"
"989","LANG","1125"
"491","LANG","1125"
"27","LANG","1125"
"367","LANG","1125"
"504","LANG","1125"
"798","LANG","1125"
"591","LANG","1125"
"371","LANG","1125"
"791","LANG","1125"
"779","LANG","1125"
"861","LANG","1125"
"743","LANG","1125"
"349","LANG","1125"
"994","LANG","1125"
"736","LANG","1125"
"1020","LANG","1125"
"159","LANG","1125"
"33","LANG","1125"
"172","LANG","1125"
"646","LANG","1125"
"26","LANG","1125"
"505","LANG","1125"
"516","LANG","1125"
"173","LANG","1125"
"521","LANG","1125"
"735","LANG","1125"
"486","LANG","1125"
"632","LANG","1125"
"374","LANG","1125"
"32","LANG","1125"
"548","LANG","1125"
"653","LANG","1125"
"448","LANG","1125"
"780","LANG","1125"
"1006","LANG","1125"
"494","LANG","1125"
"527","LANG","1125"
"778","LANG","1125"
"784","LANG","1125"
"641","LANG","1125"
"992","LANG","1125"
"1010","LANG","1125"
"175","LANG","1125"
"642","LANG","1125"
"862","LANG","1125"
"618","LANG","1125"
"643","LANG","1125"
"21","LANG","1125"
"790","LANG","1125"
"1015","LANG","1125"
"638","LANG","1125"
"792","LANG","1125"
"361","LANG","1125"
"630","LANG","1125"
"258","LANG","1125"
"268","LANG","1125"
"659","LANG","1125"
"801","LANG","1125"
"293","LANG","1125"
"655","LANG","1125"
"133","LANG","1125"
"95","LANG","1125"
"518","LANG","1125"
"479","LANG","1125"
"57","LANG","1125"
"547","LANG","1125"
"513","LANG","1125"
"507","LANG","1125"
"403","LANG","1125"
"176","LANG","1125"
"452","LANG","1125"
"544","LANG","1125"
"636","LANG","1125"
"472","LANG","1125"
"1000","LANG","1125"
"510","LANG","1125"
"624","LANG","1125"
"1008","LANG","1125"
"629","LANG","1125"
"639","LANG","1125"
"651","LANG","1125"
"473","LANG","1125"
"174","LANG","1125"
"785","LANG","1125"
"515","LANG","1125"
"31","LANG","1125"
"84","LANG","1125"
"619","LANG","1125"
"506","LANG","1125"
"182","LANG","1125"
"640","LANG","1125"
"58","LANG","1125"
"991","LANG","1125"
"745","LANG","1125"
"404","LANG","1125"
"880","LANG","1125"
"794","LANG","1125"
"34","LANG","1125"
"654","LANG","1125"
"1014","LANG","1125"
"633","LANG","1125"
"644","LANG","1125"
"860","LANG","1125"
"657","LANG","1125"
"635","LANG","1125"
"368","LANG","1125"
"511","LANG","1125"
"999","LANG","1125"
"63","LANG","1125"
"997","LANG","1125"
"1016","LANG","1125"
"30","LANG","1125"
"1013","LANG","1125"
"1011","LANG","1125"
"622","LANG","1125"
"613","LANG","1125"
"181","LANG","1125"
"797","LANG","1125"
"800","LANG","1125"
"397","LANG","1125"
"1531","LANG_RELATED","1125"
"1100","LANG_RELATED","1125"
"1264","LANG_RELATED","1125"
"1169","LANG_RELATED","1125"
"1185","LANG_RELATED","1125"
"1176","LANG_RELATED","1125"
"1184","LANG_RELATED","1125"
"1540","LANG_RELATED","1125"
"1088","LANG_RELATED","1125"
"1087","LANG_RELATED","1125"
"1478","LANG_RELATED","1125"
"1068","LANG_RELATED","1125"
"1060","LANG_RELATED","1125"
"1052","LANG_RELATED","1125"
"1031","LANG_RELATED","1125"
"1101","LANG_RELATED","1125"
"1080","LANG_RELATED","1125"
"1383","LANG_RELATED","1125"
"1571","LANG_RELATED","1125"
"1367","LANG_RELATED","1125"
"1349","LANG_RELATED","1125"
"1049","LANG_RELATED","1125"
"1267","LANG_RELATED","1125"
"1381","LANG_RELATED","1125"
"1097","LANG_RELATED","1125"
"1389","LANG_RELATED","1125"
"1643","LANG_RELATED","1125"
"1032","LANG_RELATED","1125"
"1201","LANG_RELATED","1125"
"1218","LANG_RELATED","1125"
"1448","LANG_RELATED","1125"
"1457","LANG_RELATED","1125"
"1168","LANG_RELATED","1125"
"1171","LANG_RELATED","1125"
"1206","LANG_RELATED","1125"
"1030","LANG_RELATED","1125"
"1048","LANG_RELATED","1125"
"1375","LANG_RELATED","1125"
"1102","LANG_RELATED","1125"
"1463","LANG_RELATED","1125"
"1397","LANG_RELATED","1125"
"1028","LANG_RELATED","1125"
"1224","LANG_RELATED","1125"
"1633","LANG_RELATED","1125"
"1437","LANG_RELATED","1125"
"1072","LANG_RELATED","1125"
"1085","LANG_RELATED","1125"
"1182","LANG_RELATED","1125"
"1172","LANG_RELATED","1125"
"1046","LANG_RELATED","1125"
"1230","LANG_RELATED","1125"
"1029","LANG_RELATED","1125"
"1186","LANG_RELATED","1125"
"1521","LANG_RELATED","1125"
"1298","LANG_RELATED","1125"
"1069","LANG_RELATED","1125"
"1011","LANG","1126"
"989","LANG","1126"
"1021","LANG","1126"
"843","LANG","1126"
"681","LANG","1126"
"846","LANG","1126"
"145","LANG","1126"
"599","LANG","1126"
"683","LANG","1126"
"292","LANG","1126"
"158","LANG","1126"
"841","LANG","1126"
"678","LANG","1126"
"621","LANG","1126"
"716","LANG","1126"
"850","LANG","1126"
"615","LANG","1126"
"55","LANG","1126"
"17","LANG","1126"
"652","LANG","1126"
"700","LANG","1126"
"142","LANG","1126"
"689","LANG","1126"
"229","LANG","1126"
"852","LANG","1126"
"832","LANG","1126"
"696","LANG","1126"
"692","LANG","1126"
"447","LANG","1126"
"767","LANG","1126"
"779","LANG","1126"
"611","LANG","1126"
"612","LANG","1126"
"851","LANG","1126"
"838","LANG","1126"
"773","LANG","1126"
"1020","LANG","1126"
"593","LANG","1126"
"690","LANG","1126"
"159","LANG","1126"
"849","LANG","1126"
"1003","LANG","1126"
"835","LANG","1126"
"417","LANG","1126"
"848","LANG","1126"
"721","LANG","1126"
"821","LANG","1126"
"670","LANG","1126"
"268","LANG","1126"
"776","LANG","1126"
"709","LANG","1126"
"620","LANG","1126"
"608","LANG","1126"
"839","LANG","1126"
"143","LANG","1126"
"691","LANG","1126"
"684","LANG","1126"
"237","LANG","1126"
"623","LANG","1126"
"803","LANG","1126"
"717","LANG","1126"
"622","LANG","1126"
"774","LANG","1126"
"837","LANG","1126"
"694","LANG","1126"
"626","LANG","1126"
"856","LANG","1126"
"928","LANG","1126"
"844","LANG","1126"
"1012","LANG","1126"
"148","LANG","1126"
"675","LANG","1126"
"997","LANG","1126"
"1022","LANG","1126"
"672","LANG","1126"
"688","LANG","1126"
"775","LANG","1126"
"769","LANG","1126"
"431","LANG","1126"
"720","LANG","1126"
"772","LANG","1126"
"607","LANG","1126"
"706","LANG","1126"
"1018","LANG","1126"
"704","LANG","1126"
"572","LANG","1126"
"719","LANG","1126"
"140","LANG","1126"
"859","LANG","1126"
"1009","LANG","1126"
"711","LANG","1126"
"710","LANG","1126"
"1017","LANG","1126"
"836","LANG","1126"
"1014","LANG","1126"
"723","LANG","1126"
"451","LANG","1126"
"770","LANG","1126"
"768","LANG","1126"
"787","LANG","1126"
"831","LANG","1126"
"19","LANG","1126"
"951","LANG","1126"
"810","LANG","1126"
"141","LANG","1126"
"144","LANG","1126"
"703","LANG","1126"
"624","LANG","1126"
"853","LANG","1126"
"699","LANG","1126"
"701","LANG","1126"
"613","LANG","1126"
"1001","LANG","1126"
"610","LANG","1126"
"616","LANG","1126"
"149","LANG","1126"
"834","LANG","1126"
"233","LANG","1126"
"685","LANG","1126"
"1015","LANG","1126"
"147","LANG","1126"
"693","LANG","1126"
"154","LANG","1126"
"697","LANG","1126"
"1013","LANG","1126"
"833","LANG","1126"
"822","LANG","1126"
"680","LANG","1126"
"609","LANG","1126"
"629","LANG","1126"
"146","LANG","1126"
"614","LANG","1126"
"847","LANG","1126"
"1023","LANG","1126"
"677","LANG","1126"
"707","LANG","1126"
"855","LANG","1126"
"708","LANG","1126"
"718","LANG","1126"
"15","LANG","1126"
"682","LANG","1126"
"702","LANG","1126"
"845","LANG","1126"
"715","LANG","1126"
"687","LANG","1126"
"139","LANG","1126"
"1024","LANG","1126"
"1006","LANG","1126"
"1010","LANG","1126"
"771","LANG","1126"
"239","LANG","1126"
"698","LANG","1126"
"854","LANG","1126"
"840","LANG","1126"
"724","LANG","1126"
"686","LANG","1126"
"1478","LANG_RELATED","1126"
"1036","LANG_RELATED","1126"
"1073","LANG_RELATED","1126"
"1061","LANG_RELATED","1126"
"1038","LANG_RELATED","1126"
"1081","LANG_RELATED","1126"
"1060","LANG_RELATED","1126"
"1638","LANG_RELATED","1126"
"1540","LANG_RELATED","1126"
"1384","LANG_RELATED","1126"
"1044","LANG_RELATED","1126"
"1642","LANG_RELATED","1126"
"1090","LANG_RELATED","1126"
"1047","LANG_RELATED","1126"
"1035","LANG_RELATED","1126"
"1186","LANG_RELATED","1126"
"1093","LANG_RELATED","1126"
"1178","LANG_RELATED","1126"
"1169","LANG_RELATED","1126"
"1082","LANG_RELATED","1126"
"1078","LANG_RELATED","1126"
"1195","LANG_RELATED","1126"
"1083","LANG_RELATED","1126"
"1033","LANG_RELATED","1126"
"1106","LANG_RELATED","1126"
"1473","LANG_RELATED","1126"
"1436","LANG_RELATED","1126"
"1633","LANG_RELATED","1126"
"1189","LANG_RELATED","1126"
"1103","LANG_RELATED","1126"
"1367","LANG_RELATED","1126"
"1089","LANG_RELATED","1126"
"1099","LANG_RELATED","1126"
"1193","LANG_RELATED","1126"
"1419","LANG_RELATED","1126"
"1071","LANG_RELATED","1126"
"1098","LANG_RELATED","1126"
"1026","LANG_RELATED","1126"
"1376","LANG_RELATED","1126"
"1037","LANG_RELATED","1126"
"1472","LANG_RELATED","1126"
"1063","LANG_RELATED","1126"
"1456","LANG_RELATED","1126"
"1404","LANG_RELATED","1126"
"1191","LANG_RELATED","1126"
"1066","LANG_RELATED","1126"
"1014","LANG","1127"
"707","LANG","1127"
"1016","LANG","1127"
"747","LANG","1127"
"458","LANG","1127"
"191","LANG","1127"
"198","LANG","1127"
"1017","LANG","1127"
"1003","LANG","1127"
"738","LANG","1127"
"196","LANG","1127"
"36","LANG","1127"
"349","LANG","1127"
"210","LANG","1127"
"997","LANG","1127"
"989","LANG","1127"
"593","LANG","1127"
"1015","LANG","1127"
"618","LANG","1127"
"197","LANG","1127"
"994","LANG","1127"
"44","LANG","1127"
"62","LANG","1127"
"1009","LANG","1127"
"443","LANG","1127"
"190","LANG","1127"
"65","LANG","1127"
"744","LANG","1127"
"740","LANG","1127"
"40","LANG","1127"
"193","LANG","1127"
"41","LANG","1127"
"195","LANG","1127"
"37","LANG","1127"
"1011","LANG","1127"
"1021","LANG","1127"
"1012","LANG","1127"
"66","LANG","1127"
"457","LANG","1127"
"189","LANG","1127"
"64","LANG","1127"
"187","LANG","1127"
"42","LANG","1127"
"1013","LANG","1127"
"192","LANG","1127"
"188","LANG","1127"
"131","LANG","1127"
"945","LANG","1127"
"43","LANG","1127"
"1018","LANG","1127"
"35","LANG","1127"
"1006","LANG","1127"
"185","LANG","1127"
"293","LANG","1127"
"39","LANG","1127"
"990","LANG","1127"
"38","LANG","1127"
"184","LANG","1127"
"500","LANG","1127"
"592","LANG","1127"
"1010","LANG","1127"
"87","LANG","1127"
"646","LANG","1127"
"194","LANG","1127"
"98","LANG","1127"
"617","LANG","1127"
"83","LANG","1127"
"941","LANG","1127"
"186","LANG","1127"
"1000","LANG","1127"
"1105","LANG_RELATED","1127"
"1438","LANG_RELATED","1127"
"1350","LANG_RELATED","1127"
"1506","LANG_RELATED","1127"
"1054","LANG_RELATED","1127"
"1541","LANG_RELATED","1127"
"1393","LANG_RELATED","1127"
"1051","LANG_RELATED","1127"
"1477","LANG_RELATED","1127"
"1382","LANG_RELATED","1127"
"1177","LANG_RELATED","1127"
"1417","LANG_RELATED","1127"
"1563","LANG_RELATED","1127"
"1094","LANG_RELATED","1127"
"1571","LANG_RELATED","1127"
"1217","LANG_RELATED","1127"
"1186","LANG_RELATED","1127"
"1396","LANG_RELATED","1127"
"1384","LANG_RELATED","1127"
"1207","LANG_RELATED","1127"
"1540","LANG_RELATED","1127"
"1348","LANG_RELATED","1127"
"1475","LANG_RELATED","1127"
"1084","LANG_RELATED","1127"
"1196","LANG_RELATED","1127"
"1363","LANG_RELATED","1127"
"1568","LANG_RELATED","1127"
"1365","LANG_RELATED","1127"
"1079","LANG_RELATED","1127"
"1168","LANG_RELATED","1127"
"1362","LANG_RELATED","1127"
"1041","LANG_RELATED","1127"
"1478","LANG_RELATED","1127"
"1367","LANG_RELATED","1127"
"1169","LANG_RELATED","1127"
"1476","LANG_RELATED","1127"
"1533","LANG_RELATED","1127"
"1218","LANG_RELATED","1127"
"1091","LANG_RELATED","1127"
"1346","LANG_RELATED","1127"
"1437","LANG_RELATED","1127"
"233","LANG","1128"
"614","LANG","1128"
"613","LANG","1128"
"239","LANG","1128"
"611","LANG","1128"
"231","LANG","1128"
"406","LANG","1128"
"1011","LANG","1128"
"228","LANG","1128"
"235","LANG","1128"
"346","LANG","1128"
"823","LANG","1128"
"819","LANG","1128"
"417","LANG","1128"
"828","LANG","1128"
"236","LANG","1128"
"619","LANG","1128"
"1012","LANG","1128"
"989","LANG","1128"
"1009","LANG","1128"
"827","LANG","1128"
"241","LANG","1128"
"829","LANG","1128"
"229","LANG","1128"
"817","LANG","1128"
"824","LANG","1128"
"242","LANG","1128"
"232","LANG","1128"
"840","LANG","1128"
"1013","LANG","1128"
"818","LANG","1128"
"1024","LANG","1128"
"1014","LANG","1128"
"238","LANG","1128"
"928","LANG","1128"
"625","LANG","1128"
"240","LANG","1128"
"234","LANG","1128"
"398","LANG","1128"
"610","LANG","1128"
"1003","LANG","1128"
"365","LANG","1128"
"1018","LANG","1128"
"820","LANG","1128"
"825","LANG","1128"
"237","LANG","1128"
"348","LANG","1128"
"821","LANG","1128"
"997","LANG","1128"
"826","LANG","1128"
"624","LANG","1128"
"831","LANG","1128"
"612","LANG","1128"
"822","LANG","1128"
"1015","LANG","1128"
"830","LANG","1128"
"159","LANG","1128"
"230","LANG","1128"
"1052","LANG_RELATED","1128"
"1169","LANG_RELATED","1128"
"1437","LANG_RELATED","1128"
"1196","LANG_RELATED","1128"
"1395","LANG_RELATED","1128"
"1178","LANG_RELATED","1128"
"1478","LANG_RELATED","1128"
"1349","LANG_RELATED","1128"
"1025","LANG_RELATED","1128"
"1060","LANG_RELATED","1128"
"1633","LANG_RELATED","1128"
"1540","LANG_RELATED","1128"
"1367","LANG_RELATED","1128"
"1352","LANG_RELATED","1128"
"1336","LANG_RELATED","1128"
"1363","LANG_RELATED","1128"
"1493","LANG_RELATED","1128"
"1571","LANG_RELATED","1128"
"1096","LANG_RELATED","1128"
"1298","LANG_RELATED","1129"
"619","LANG","1129"
"296","LANG","1129"
"1016","LANG","1129"
"300","LANG","1129"
"1013","LANG","1129"
"1011","LANG","1129"
"989","LANG","1129"
"1015","LANG","1129"
"997","LANG","1129"
"289","LANG","1129"
"1014","LANG","1129"
"302","LANG","1129"
"298","LANG","1129"
"293","LANG","1129"
"349","LANG","1129"
"1012","LANG","1129"
"1008","LANG","1129"
"292","LANG","1129"
"290","LANG","1129"
"291","LANG","1129"
"301","LANG","1129"
"294","LANG","1129"
"1009","LANG","1129"
"299","LANG","1129"
"295","LANG","1129"
"1017","LANG","1129"
"1018","LANG","1129"
"297","LANG","1129"
"53","LANG","1130"
"349","LANG","1130"
"1006","LANG","1130"
"209","LANG","1130"
"46","LANG","1130"
"989","LANG","1130"
"997","LANG","1130"
"207","LANG","1130"
"201","LANG","1130"
"210","LANG","1130"
"81","LANG","1130"
"212","LANG","1130"
"1012","LANG","1130"
"1008","LANG","1130"
"199","LANG","1130"
"1000","LANG","1130"
"85","LANG","1130"
"1003","LANG","1130"
"204","LANG","1130"
"1017","LANG","1130"
"645","LANG","1130"
"211","LANG","1130"
"1013","LANG","1130"
"213","LANG","1130"
"990","LANG","1130"
"203","LANG","1130"
"999","LANG","1130"
"205","LANG","1130"
"1021","LANG","1130"
"1015","LANG","1130"
"1018","LANG","1130"
"1014","LANG","1130"
"200","LANG","1130"
"1011","LANG","1130"
"1010","LANG","1130"
"407","LANG","1130"
"994","LANG","1130"
"48","LANG","1130"
"206","LANG","1130"
"1400","LANG_RELATED","1130"
"1206","LANG_RELATED","1130"
"1644","LANG_RELATED","1130"
"1397","LANG_RELATED","1130"
"1478","LANG_RELATED","1130"
"1423","LANG_RELATED","1130"
"1169","LANG_RELATED","1130"
"1457","LANG_RELATED","1130"
"1346","LANG_RELATED","1130"
"1042","LANG_RELATED","1130"
"1367","LANG_RELATED","1130"
"1205","LANG_RELATED","1130"
"1385","LANG_RELATED","1130"
"1091","LANG_RELATED","1130"
"1088","LANG_RELATED","1130"
"1295","LANG_RELATED","1130"
"1531","LANG_RELATED","1130"
"1382","LANG_RELATED","1130"
"1362","LANG_RELATED","1130"
"1533","LANG_RELATED","1130"
"1092","LANG_RELATED","1130"
"1540","LANG_RELATED","1130"
"1168","LANG_RELATED","1130"
"1647","LANG_RELATED","1130"
"1101","LANG_RELATED","1130"
"1177","LANG_RELATED","1130"
"225","LANG","1131"
"350","LANG","1131"
"403","LANG","1131"
"208","LANG","1131"
"1000","LANG","1131"
"1014","LANG","1131"
"1010","LANG","1131"
"732","LANG","1131"
"734","LANG","1131"
"725","LANG","1131"
"730","LANG","1131"
"668","LANG","1131"
"220","LANG","1131"
"214","LANG","1131"
"1003","LANG","1131"
"726","LANG","1131"
"224","LANG","1131"
"733","LANG","1131"
"1012","LANG","1131"
"222","LANG","1131"
"661","LANG","1131"
"218","LANG","1131"
"223","LANG","1131"
"667","LANG","1131"
"666","LANG","1131"
"1015","LANG","1131"
"671","LANG","1131"
"226","LANG","1131"
"221","LANG","1131"
"219","LANG","1131"
"216","LANG","1131"
"663","LANG","1131"
"1011","LANG","1131"
"1018","LANG","1131"
"1013","LANG","1131"
"731","LANG","1131"
"670","LANG","1131"
"727","LANG","1131"
"729","LANG","1131"
"728","LANG","1131"
"217","LANG","1131"
"595","LANG","1131"
"665","LANG","1131"
"997","LANG","1131"
"215","LANG","1131"
"1006","LANG","1131"
"227","LANG","1131"
"669","LANG","1131"
"405","LANG","1131"
"664","LANG","1131"
"1107","LANG_RELATED","1131"
"1077","LANG_RELATED","1131"
"1644","LANG_RELATED","1131"
"1346","LANG_RELATED","1131"
"1540","LANG_RELATED","1131"
"1385","LANG_RELATED","1131"
"1364","LANG_RELATED","1131"
"1571","LANG_RELATED","1131"
"1074","LANG_RELATED","1131"
"1462","LANG_RELATED","1131"
"1056","LANG_RELATED","1131"
"1088","LANG_RELATED","1131"
"1055","LANG_RELATED","1131"
"1177","LANG_RELATED","1131"
"1205","LANG_RELATED","1131"
"1076","LANG_RELATED","1131"
"1645","LANG_RELATED","1131"
"1086","LANG_RELATED","1131"
"1637","LANG_RELATED","1131"
"1058","LANG_RELATED","1131"
"1196","LANG_RELATED","1131"
"1060","LANG_RELATED","1131"
"1419","LANG_RELATED","1131"
"1186","LANG_RELATED","1131"
"1478","LANG_RELATED","1131"
"1540","LANG_RELATED","1132"
"1478","LANG_RELATED","1132"
"1169","LANG_RELATED","1132"
"1367","LANG_RELATED","1132"
"1437","LANG_RELATED","1132"
"277","LANG","1132"
"743","LANG","1132"
"735","LANG","1132"
"288","LANG","1132"
"283","LANG","1132"
"287","LANG","1132"
"279","LANG","1132"
"278","LANG","1132"
"281","LANG","1132"
"276","LANG","1132"
"739","LANG","1132"
"280","LANG","1132"
"994","LANG","1132"
"275","LANG","1132"
"997","LANG","1132"
"286","LANG","1132"
"282","LANG","1132"
"989","LANG","1132"
"284","LANG","1132"
"1021","LANG","1132"
"992","LANG","1132"
"285","LANG","1132"
"1521","LANG_RELATED","1133"
"1540","LANG_RELATED","1133"
"1196","LANG_RELATED","1133"
"1450","LANG_RELATED","1133"
"1437","LANG_RELATED","1133"
"1639","LANG_RELATED","1133"
"1060","LANG_RELATED","1133"
"1571","LANG_RELATED","1133"
"1367","LANG_RELATED","1133"
"1641","LANG_RELATED","1133"
"1169","LANG_RELATED","1133"
"1633","LANG_RELATED","1133"
"1424","LANG_RELATED","1133"
"1478","LANG_RELATED","1133"
"1186","LANG_RELATED","1133"
"1640","LANG_RELATED","1133"
"997","LANG","1133"
"330","LANG","1133"
"811","LANG","1133"
"334","LANG","1133"
"814","LANG","1133"
"808","LANG","1133"
"809","LANG","1133"
"816","LANG","1133"
"1016","LANG","1133"
"1010","LANG","1133"
"807","LANG","1133"
"329","LANG","1133"
"813","LANG","1133"
"815","LANG","1133"
"810","LANG","1133"
"333","LANG","1133"
"803","LANG","1133"
"805","LANG","1133"
"1017","LANG","1133"
"331","LANG","1133"
"1013","LANG","1133"
"1009","LANG","1133"
"989","LANG","1133"
"812","LANG","1133"
"1024","LANG","1133"
"332","LANG","1133"
"1018","LANG","1133"
"802","LANG","1133"
"806","LANG","1133"
"804","LANG","1133"
"1003","LANG","1133"
"161","LANG","1134"
"477","LANG","1134"
"537","LANG","1134"
"617","LANG","1134"
"377","LANG","1134"
"25","LANG","1134"
"535","LANG","1134"
"484","LANG","1134"
"376","LANG","1134"
"238","LANG","1134"
"13","LANG","1134"
"162","LANG","1134"
"363","LANG","1134"
"992","LANG","1134"
"358","LANG","1134"
"360","LANG","1134"
"235","LANG","1134"
"169","LANG","1134"
"522","LANG","1134"
"21","LANG","1134"
"1015","LANG","1134"
"366","LANG","1134"
"540","LANG","1134"
"476","LANG","1134"
"22","LANG","1134"
"24","LANG","1134"
"166","LANG","1134"
"1018","LANG","1134"
"10","LANG","1134"
"9","LANG","1134"
"1002","LANG","1134"
"252","LANG","1134"
"394","LANG","1134"
"533","LANG","1134"
"68","LANG","1134"
"461","LANG","1134"
"168","LANG","1134"
"170","LANG","1134"
"364","LANG","1134"
"233","LANG","1134"
"538","LANG","1134"
"230","LANG","1134"
"177","LANG","1134"
"164","LANG","1134"
"541","LANG","1134"
"8","LANG","1134"
"994","LANG","1134"
"359","LANG","1134"
"12","LANG","1134"
"485","LANG","1134"
"160","LANG","1134"
"546","LANG","1134"
"136","LANG","1134"
"1021","LANG","1134"
"228","LANG","1134"
"532","LANG","1134"
"1014","LANG","1134"
"380","LANG","1134"
"362","LANG","1134"
"165","LANG","1134"
"1024","LANG","1134"
"388","LANG","1134"
"1010","LANG","1134"
"163","LANG","1134"
"280","LANG","1134"
"1012","LANG","1134"
"996","LANG","1134"
"989","LANG","1134"
"543","LANG","1134"
"534","LANG","1134"
"236","LANG","1134"
"528","LANG","1134"
"1009","LANG","1134"
"239","LANG","1134"
"481","LANG","1134"
"445","LANG","1134"
"997","LANG","1134"
"70","LANG","1134"
"368","LANG","1134"
"167","LANG","1134"
"391","LANG","1134"
"542","LANG","1134"
"296","LANG","1134"
"23","LANG","1134"
"545","LANG","1134"
"11","LANG","1134"
"60","LANG","1134"
"57","LANG","1134"
"539","LANG","1134"
"281","LANG","1134"
"237","LANG","1134"
"71","LANG","1134"
"536","LANG","1134"
"69","LANG","1134"
"991","LANG","1134"
"244","LANG","1134"
"1228","LANG_RELATED","1134"
"1309","LANG_RELATED","1134"
"1507","LANG_RELATED","1134"
"1184","LANG_RELATED","1134"
"1181","LANG_RELATED","1134"
"1180","LANG_RELATED","1134"
"1241","LANG_RELATED","1134"
"1178","LANG_RELATED","1134"
"1427","LANG_RELATED","1134"
"1104","LANG_RELATED","1134"
"1252","LANG_RELATED","1134"
"1176","LANG_RELATED","1134"
"1428","LANG_RELATED","1134"
"1067","LANG_RELATED","1134"
"1224","LANG_RELATED","1134"
"1486","LANG_RELATED","1134"
"1069","LANG_RELATED","1134"
"1386","LANG_RELATED","1134"
"1429","LANG_RELATED","1134"
"1426","LANG_RELATED","1134"
"45","LANG","1135"
"407","LANG","1135"
"201","LANG","1135"
"997","LANG","1135"
"1000","LANG","1135"
"202","LANG","1135"
"1003","LANG","1135"
"1012","LANG","1135"
"1021","LANG","1135"
"56","LANG","1135"
"553","LANG","1135"
"52","LANG","1135"
"1010","LANG","1135"
"989","LANG","1135"
"200","LANG","1135"
"199","LANG","1135"
"215","LANG","1135"
"1015","LANG","1135"
"999","LANG","1135"
"204","LANG","1135"
"212","LANG","1135"
"203","LANG","1135"
"1013","LANG","1135"
"1009","LANG","1135"
"565","LANG","1135"
"990","LANG","1135"
"594","LANG","1135"
"210","LANG","1135"
"219","LANG","1135"
"205","LANG","1135"
"47","LANG","1135"
"1008","LANG","1135"
"213","LANG","1135"
"206","LANG","1135"
"60","LANG","1135"
"1014","LANG","1135"
"49","LANG","1135"
"562","LANG","1135"
"128","LANG","1135"
"207","LANG","1135"
"51","LANG","1135"
"571","LANG","1135"
"50","LANG","1135"
"209","LANG","1135"
"1011","LANG","1135"
"554","LANG","1135"
"1646","LANG_RELATED","1135"
"1557","LANG_RELATED","1135"
"1478","LANG_RELATED","1135"
"1539","LANG_RELATED","1135"
"1205","LANG_RELATED","1135"
"1249","LANG_RELATED","1135"
"1404","LANG_RELATED","1135"
"1310","LANG_RELATED","1135"
"1382","LANG_RELATED","1135"
"1104","LANG_RELATED","1135"
"1559","LANG_RELATED","1135"
"1634","LANG_RELATED","1135"
"1295","LANG_RELATED","1135"
"1540","LANG_RELATED","1135"
"1636","LANG_RELATED","1135"
"1298","LANG_RELATED","1135"
"1621","LANG_RELATED","1135"
"288","LANG","1136"
"1010","LANG","1136"
"149","LANG","1136"
"9","LANG","1136"
"151","LANG","1137"
"150","LANG","1137"
"725","LANG","1138"
"1478","LANG_RELATED","1139"
"269","LANG","1139"
"263","LANG","1139"
"274","LANG","1139"
"268","LANG","1139"
"265","LANG","1139"
"273","LANG","1139"
"271","LANG","1139"
"266","LANG","1139"
"264","LANG","1139"
"272","LANG","1139"
"267","LANG","1139"
"994","LANG","1139"
"270","LANG","1139"
"1478","LANG_RELATED","1140"
"325","LANG","1140"
"327","LANG","1140"
"322","LANG","1140"
"1008","LANG","1140"
"314","LANG","1140"
"321","LANG","1140"
"1020","LANG","1140"
"315","LANG","1140"
"1016","LANG","1140"
"1021","LANG","1140"
"997","LANG","1140"
"326","LANG","1140"
"316","LANG","1140"
"328","LANG","1140"
"320","LANG","1140"
"999","LANG","1140"
"324","LANG","1140"
"317","LANG","1140"
"323","LANG","1140"
"318","LANG","1140"
"319","LANG","1140"
"1437","LANG_RELATED","1141"
"1366","LANG_RELATED","1141"
"1571","LANG_RELATED","1141"
"1221","LANG_RELATED","1141"
"1349","LANG_RELATED","1141"
"1521","LANG_RELATED","1141"
"337","LANG","1141"
"345","LANG","1141"
"342","LANG","1141"
"338","LANG","1141"
"997","LANG","1141"
"344","LANG","1141"
"1016","LANG","1141"
"999","LANG","1141"
"1008","LANG","1141"
"335","LANG","1141"
"341","LANG","1141"
"336","LANG","1141"
"340","LANG","1141"
"349","LANG","1141"
"339","LANG","1141"
"347","LANG","1141"
"343","LANG","1141"
"346","LANG","1141"
"420","LANG","1142"
"421","LANG","1142"
"488","LANG","1142"
"996","LANG","1142"
"419","LANG","1142"
"424","LANG","1142"
"422","LANG","1142"
"423","LANG","1142"
"992","LANG","1142"
"1540","LANG_RELATED","1143"
"1347","LANG_RELATED","1143"
"1368","LANG_RELATED","1143"
"565","LANG","1143"
"423","LANG","1143"
"9","LANG","1143"
"1010","LANG","1143"
"1540","LANG_RELATED","1144"
"1478","LANG_RELATED","1144"
"1207","LANG_RELATED","1144"
"1362","LANG_RELATED","1144"
"1568","LANG_RELATED","1144"
"1006","LANG","1144"
"576","LANG","1144"
"1013","LANG","1144"
"500","LANG","1144"
"1003","LANG","1144"
"1013","LANG","1145"
"596","LANG","1145"
"430","LANG","1145"
"1014","LANG","1145"
"404","LANG","1145"
"597","LANG","1145"
"605","LANG","1146"
"1540","LANG_RELATED","1147"
"168","LANG","1147"
"1015","LANG","1147"
"989","LANG","1148"
"809","LANG","1148"
"384","LANG","1149"
"403","LANG","1150"
"1540","LANG_RELATED","1151"
"483","LANG","1151"
"1540","LANG_RELATED","1152"
"1635","LANG_RELATED","1152"
"1106","LANG_RELATED","1152"
"1419","LANG_RELATED","1152"
"989","LANG","1152"
"1003","LANG","1152"
"1014","LANG","1152"
"1540","LANG_RELATED","1153"
"996","LANG","1153"
"994","LANG","1153"
"1437","LANG_RELATED","1154"
"1568","LANG_RELATED","1154"
"1468","LANG_RELATED","1154"
"1017","LANG","1154"
"997","LANG","1154"
"1540","LANG_RELATED","1155"
"1362","LANG_RELATED","1155"
"1369","LANG_RELATED","1155"
"1013","LANG","1155"
"1006","LANG","1155"
"1013","LANG","1156"
"1014","LANG","1157"
"1019","LANG","1158"
"1378","LANG_RELATED","1159"
"1478","LANG_RELATED","1159"
"1092","LANG_RELATED","1159"
"1095","LANG_RELATED","1159"
"1184","LANG_RELATED","1160"
"1176","LANG_RELATED","1160"
"1182","LANG_RELATED","1160"
"1264","LANG_RELATED","1160"
"1185","LANG_RELATED","1160"
"1171","LANG_RELATED","1160"
"1298","LANG_RELATED","1161"
"1478","LANG_RELATED","1161"
"1559","LANG_RELATED","1161"
"1210","LANG_RELATED","1162"
"1310","LANG_RELATED","1163"
"1205","LANG_RELATED","1164"
"1205","LANG_RELATED","1165"
"1364","LANG_RELATED","1166"
"112","TECH","1167"
"642","TECH","1167"
"510","TECH","1167"
"506","TECH","1167"
"75","TECH","1167"
"651","TECH","1167"
"280","TECH","1167"
"123","TECH","1167"
"638","TECH","1167"
"109","TECH","1167"
"76","TECH","1167"
"1013","TECH","1167"
"265","TECH","1167"
"263","TECH","1167"
"114","TECH","1167"
"507","TECH","1167"
"360","TECH","1167"
"650","TECH","1167"
"991","TECH","1167"
"644","TECH","1167"
"108","TECH","1167"
"505","TECH","1167"
"504","TECH","1167"
"361","TECH","1167"
"74","TECH","1167"
"639","TECH","1167"
"255","TECH","1167"
"631","TECH","1167"
"509","TECH","1167"
"992","TECH","1167"
"113","TECH","1167"
"260","TECH","1167"
"119","TECH","1167"
"257","TECH","1167"
"122","TECH","1167"
"115","TECH","1167"
"513","TECH","1167"
"512","TECH","1167"
"785","TECH","1167"
"995","TECH","1167"
"994","TECH","1167"
"258","TECH","1167"
"511","TECH","1167"
"111","TECH","1167"
"652","TECH","1167"
"508","TECH","1167"
"654","TECH","1168"
"995","TECH","1168"
"651","TECH","1168"
"991","TECH","1168"
"1013","TECH","1168"
"124","TECH","1168"
"992","TECH","1168"
"645","TECH","1168"
"114","TECH","1168"
"657","TECH","1168"
"179","TECH","1168"
"181","TECH","1168"
"990","TECH","1169"
"400","TECH","1169"
"1014","TECH","1169"
"1006","TECH","1169"
"401","TECH","1169"
"232","TECH","1169"
"143","TECH","1169"
"1003","TECH","1169"
"139","TECH","1169"
"180","TECH","1169"
"403","TECH","1169"
"398","TECH","1169"
"1015","TECH","1169"
"397","TECH","1169"
"647","TECH","1169"
"1024","TECH","1169"
"1001","TECH","1169"
"417","TECH","1169"
"402","TECH","1169"
"146","TECH","1169"
"989","TECH","1169"
"399","TECH","1169"
"407","TECH","1169"
"654","TECH","1170"
"648","TECH","1170"
"121","TECH","1172"
"995","TECH","1172"
"659","TECH","1172"
"658","TECH","1172"
"120","TECH","1172"
"664","TECH","1173"
"664","TECH","1174"
"694","TECH","1175"
"672","TECH","1175"
"1022","TECH","1175"
"281","TECH","1176"
"1021","TECH","1176"
"742","TECH","1176"
"277","TECH","1176"
"162","TECH","1176"
"747","TECH","1176"
"77","TECH","1176"
"392","TECH","1176"
"261","TECH","1176"
"746","TECH","1176"
"745","TECH","1176"
"389","TECH","1176"
"280","TECH","1176"
"992","TECH","1176"
"1013","TECH","1176"
"92","TECH","1176"
"738","TECH","1176"
"275","TECH","1176"
"104","TECH","1176"
"737","TECH","1176"
"741","TECH","1176"
"736","TECH","1176"
"991","TECH","1176"
"739","TECH","1176"
"244","TECH","1176"
"744","TECH","1176"
"735","TECH","1176"
"994","TECH","1176"
"740","TECH","1176"
"743","TECH","1176"
"1012","TECH","1178"
"982","TECH","1178"
"984","TECH","1178"
"357","TECH","1178"
"356","TECH","1178"
"354","TECH","1178"
"355","TECH","1178"
"69","TECH","1180"
"162","TECH","1180"
"1015","TECH","1180"
"21","TECH","1181"
"1024","TECH","1181"
"482","TECH","1182"
"992","TECH","1182"
"77","TECH","1182"
"486","TECH","1182"
"1021","TECH","1182"
"101","TECH","1182"
"84","TECH","1183"
"86","TECH","1183"
"83","TECH","1183"
"87","TECH","1183"
"85","TECH","1183"
"82","TECH","1183"
"80","TECH","1183"
"81","TECH","1183"
"79","TECH","1183"
"88","TECH","1184"
"375","TECH","1184"
"367","TECH","1185"
"991","TECH","1185"
"89","TECH","1185"
"459","TECH","1186"
"465","TECH","1186"
"1021","TECH","1186"
"1009","TECH","1186"
"97","TECH","1186"
"97","TECH","1187"
"583","TECH","1188"
"586","TECH","1188"
"130","TECH","1188"
"1015","TECH","1188"
"584","TECH","1188"
"578","TECH","1188"
"582","TECH","1188"
"577","TECH","1188"
"455","TECH","1188"
"581","TECH","1188"
"129","TECH","1188"
"587","TECH","1188"
"589","TECH","1188"
"579","TECH","1188"
"585","TECH","1188"
"588","TECH","1188"
"1009","TECH","1188"
"590","TECH","1188"
"580","TECH","1188"
"1015","TECH","1189"
"143","TECH","1189"
"142","TECH","1189"
"139","TECH","1189"
"149","TECH","1189"
"142","TECH","1190"
"236","TECH","1190"
"142","TECH","1191"
"1024","TECH","1192"
"278","TECH","1192"
"276","TECH","1192"
"143","TECH","1192"
"233","TECH","1193"
"155","TECH","1193"
"154","TECH","1193"
"159","TECH","1193"
"146","TECH","1193"
"1014","TECH","1193"
"196","TECH","1193"
"146","TECH","1194"
"765","TECH","1195"
"767","TECH","1195"
"151","TECH","1195"
"236","TECH","1196"
"1021","TECH","1196"
"1013","TECH","1196"
"1014","TECH","1196"
"346","TECH","1196"
"153","TECH","1196"
"1009","TECH","1196"
"233","TECH","1196"
"804","TECH","1196"
"170","TECH","1197"
"996","TECH","1197"
"175","TECH","1198"
"460","TECH","1199"
"468","TECH","1199"
"177","TECH","1199"
"1009","TECH","1199"
"458","TECH","1199"
"997","TECH","1199"
"1001","TECH","1199"
"196","TECH","1199"
"989","TECH","1199"
"1014","TECH","1199"
"1013","TECH","1199"
"179","TECH","1200"
"789","TECH","1201"
"995","TECH","1201"
"183","TECH","1202"
"1008","TECH","1203"
"1014","TECH","1203"
"219","TECH","1203"
"234","TECH","1203"
"725","TECH","1203"
"191","TECH","1203"
"1015","TECH","1203"
"220","TECH","1203"
"231","TECH","1203"
"1001","TECH","1203"
"195","TECH","1204"
"298","TECH","1204"
"199","TECH","1205"
"203","TECH","1206"
"1009","TECH","1206"
"203","TECH","1207"
"1009","TECH","1208"
"725","TECH","1208"
"307","TECH","1208"
"228","TECH","1209"
"246","TECH","1210"
"245","TECH","1210"
"272","TECH","1211"
"288","TECH","1212"
"288","TECH","1213"
"294","TECH","1214"
"293","TECH","1214"
"296","TECH","1215"
"301","TECH","1216"
"296","TECH","1216"
"297","TECH","1217"
"999","TECH","1218"
"1018","TECH","1218"
"298","TECH","1218"
"1015","TECH","1218"
"997","TECH","1219"
"1013","TECH","1219"
"301","TECH","1219"
"1018","TECH","1219"
"989","TECH","1219"
"999","TECH","1219"
"1021","TECH","1219"
"1009","TECH","1219"
"1015","TECH","1219"
"1000","TECH","1219"
"1012","TECH","1220"
"301","TECH","1220"
"337","TECH","1221"
"347","TECH","1221"
"339","TECH","1221"
"340","TECH","1221"
"341","TECH","1221"
"338","TECH","1221"
"336","TECH","1221"
"335","TECH","1221"
"344","TECH","1221"
"342","TECH","1221"
"345","TECH","1221"
"343","TECH","1221"
"351","TECH","1222"
"1008","TECH","1222"
"1008","TECH","1223"
"352","TECH","1223"
"993","TECH","1224"
"1019","TECH","1224"
"353","TECH","1224"
"357","TECH","1226"
"1008","TECH","1226"
"363","TECH","1227"
"996","TECH","1228"
"363","TECH","1228"
"387","TECH","1229"
"378","TECH","1229"
"391","TECH","1229"
"396","TECH","1229"
"379","TECH","1229"
"392","TECH","1229"
"386","TECH","1229"
"395","TECH","1229"
"393","TECH","1229"
"384","TECH","1229"
"390","TECH","1229"
"380","TECH","1229"
"385","TECH","1229"
"382","TECH","1229"
"383","TECH","1229"
"394","TECH","1229"
"376","TECH","1229"
"388","TECH","1229"
"381","TECH","1229"
"389","TECH","1229"
"377","TECH","1229"
"402","TECH","1230"
"403","TECH","1231"
"409","TECH","1232"
"425","TECH","1233"
"429","TECH","1234"
"1009","TECH","1234"
"429","TECH","1235"
"468","TECH","1236"
"467","TECH","1236"
"1021","TECH","1236"
"458","TECH","1236"
"997","TECH","1237"
"996","TECH","1237"
"470","TECH","1237"
"471","TECH","1238"
"474","TECH","1239"
"475","TECH","1240"
"999","TECH","1240"
"482","TECH","1241"
"476","TECH","1241"
"259","TECH","1242"
"989","TECH","1243"
"1015","TECH","1243"
"1008","TECH","1243"
"989","TECH","1244"
"989","TECH","1245"
"990","TECH","1246"
"991","TECH","1247"
"993","TECH","1248"
"992","TECH","1248"
"1009","TECH","1249"
"1021","TECH","1249"
"992","TECH","1249"
"1008","TECH","1249"
"1013","TECH","1249"
"1005","TECH","1249"
"1012","TECH","1249"
"1015","TECH","1249"
"999","TECH","1249"
"994","TECH","1250"
"992","TECH","1250"
"992","TECH","1251"
"992","TECH","1252"
"1007","TECH","1252"
"1021","TECH","1252"
"1012","TECH","1252"
"992","TECH","1253"
"995","TECH","1254"
"992","TECH","1254"
"992","TECH","1255"
"992","TECH","1256"
"992","TECH","1257"
"992","TECH","1258"
"1009","TECH","1258"
"992","TECH","1259"
"992","TECH","1260"
"992","TECH","1261"
"992","TECH","1262"
"992","TECH","1263"
"993","TECH","1264"
"993","TECH","1265"
"1008","TOOL","1266"
"1010","TECH","1266"
"994","TECH","1266"
"1181","LANG_RELATED","1266"
"995","TECH","1267"
"995","TECH","1268"
"996","TECH","1269"
"1009","TECH","1270"
"996","TECH","1270"
"1016","TECH","1270"
"996","TECH","1271"
"996","TECH","1272"
"996","TECH","1273"
"1016","TECH","1273"
"997","TECH","1274"
"999","TECH","1275"
"999","TECH","1276"
"999","TECH","1277"
"1017","TECH","1278"
"999","TECH","1278"
"1018","TECH","1278"
"1000","TECH","1279"
"999","TECH","1279"
"1000","TECH","1280"
"999","TECH","1280"
"999","TECH","1281"
"999","TECH","1282"
"1012","TECH","1282"
"1021","TECH","1282"
"1008","TECH","1282"
"999","TECH","1283"
"999","TECH","1284"
"999","TECH","1285"
"999","TECH","1286"
"999","TECH","1287"
"999","TECH","1288"
"999","TECH","1289"
"999","TECH","1290"
"999","TECH","1291"
"999","TECH","1292"
"999","TECH","1293"
"1000","TECH","1294"
"1000","TECH","1295"
"1000","TECH","1296"
"1000","TECH","1297"
"1000","TECH","1298"
"1000","TECH","1299"
"1002","TECH","1300"
"1005","TECH","1301"
"1005","TECH","1302"
"1007","TECH","1303"
"1008","TECH","1303"
"1012","TECH","1303"
"1016","TECH","1303"
"1016","TECH","1304"
"1007","TECH","1304"
"1008","TECH","1305"
"1012","TECH","1306"
"1010","TECH","1306"
"1008","TECH","1306"
"1015","TECH","1306"
"1008","TECH","1307"
"1012","TECH","1307"
"1008","TECH","1308"
"1008","TECH","1309"
"1008","TECH","1310"
"1008","TECH","1311"
"1008","TECH","1312"
"1008","TECH","1313"
"1008","TECH","1314"
"1008","TECH","1315"
"1008","TECH","1316"
"1008","TECH","1317"
"1008","TECH","1318"
"1008","TECH","1319"
"1008","TECH","1320"
"1008","TECH","1321"
"1008","TECH","1322"
"1008","TECH","1323"
"1008","TECH","1324"
"1008","TECH","1325"
"1008","TECH","1326"
"1008","TECH","1327"
"1008","TECH","1328"
"1008","TECH","1329"
"1009","TECH","1330"
"1009","TECH","1331"
"1009","TECH","1332"
"1009","TECH","1333"
"1009","TECH","1334"
"1009","TECH","1335"
"1021","TECH","1335"
"1009","TECH","1336"
"1009","TECH","1337"
"1009","TECH","1338"
"1009","TECH","1339"
"1009","TECH","1340"
"1009","TECH","1341"
"1009","TECH","1342"
"1009","TECH","1343"
"1009","TECH","1344"
"1013","TECH","1345"
"1013","TECH","1346"
"1014","TECH","1347"
"1014","TECH","1348"
"1015","TECH","1348"
"1014","TECH","1349"
"1015","TECH","1350"
"1016","TECH","1351"
"1016","TECH","1352"
"1016","TECH","1353"
"1016","TECH","1354"
"1020","TECH","1355"
"1021","TECH","1356"
"1021","TECH","1357"
"1021","TECH","1358"
"1022","TECH","1359"
"1022","TECH","1360"
"1024","TECH","1361"
"611","TOOL","1372"
"1266","TOOL_RELATED","1373"
"1356","TOOL_RELATED","1373"
"702","TOOL","1373"
"690","TOOL","1373"
"989","TOOL","1373"
"1024","TOOL","1373"
"621","TOOL","1373"
"609","TOOL","1373"
"712","TOOL","1373"
"249","TOOL","1373"
"735","TOOL","1373"
"575","TOOL","1373"
"1014","TOOL","1373"
"779","TOOL","1373"
"722","TOOL","1373"
"250","TOOL","1373"
"615","TOOL","1373"
"691","TOOL","1373"
"627","TOOL","1373"
"294","TOOL","1373"
"1013","TOOL","1373"
"248","TOOL","1373"
"855","TOOL","1373"
"721","TOOL","1373"
"716","TOOL","1373"
"997","TOOL","1373"
"724","TOOL","1373"
"365","TOOL","1373"
"253","TOOL","1373"
"251","TOOL","1373"
"247","TOOL","1373"
"723","TOOL","1373"
"158","TOOL","1373"
"620","TOOL","1373"
"244","TOOL","1373"
"608","TOOL","1373"
"810","TOOL","1373"
"707","TOOL","1373"
"243","TOOL","1373"
"1003","TOOL","1373"
"692","TOOL","1373"
"859","TOOL","1373"
"719","TOOL","1373"
"994","TOOL","1373"
"1006","TOOL","1374"
"990","TOOL","1374"
"300","TOOL","1374"
"310","TOOL","1374"
"1003","TOOL","1374"
"989","TOOL","1374"
"618","TOOL","1374"
"14","TOOL","1374"
"1018","TOOL","1374"
"864","TOOL","1374"
"626","TOOL","1374"
"150","TOOL","1374"
"998","TOOL","1374"
"595","TOOL","1374"
"1001","TOOL","1374"
"177","TOOL","1374"
"797","TOOL","1374"
"871","TOOL","1374"
"17","TOOL","1374"
"1010","TOOL","1374"
"1000","TOOL","1374"
"866","TOOL","1374"
"819","TOOL","1374"
"838","TOOL","1374"
"1015","TOOL","1374"
"30","TOOL","1374"
"870","TOOL","1374"
"865","TOOL","1374"
"1008","TOOL","1374"
"869","TOOL","1374"
"813","TOOL","1374"
"1020","TOOL","1374"
"297","TOOL","1374"
"867","TOOL","1374"
"624","TOOL","1374"
"868","TOOL","1374"
"1024","TOOL","1374"
"491","TOOL","1375"
"73","TOOL","1375"
"109","TOOL","1375"
"360","TOOL","1375"
"27","TOOL","1375"
"30","TOOL","1375"
"618","TOOL","1375"
"31","TOOL","1375"
"369","TOOL","1375"
"373","TOOL","1375"
"57","TOOL","1375"
"103","TOOL","1375"
"33","TOOL","1375"
"263","TOOL","1375"
"21","TOOL","1375"
"754","TOOL","1376"
"623","TOOL","1376"
"1224","FRAME_RELATED","1376"
"1363","FRAME_RELATED","1376"
"789","TOOL","1377"
"368","TOOL","1377"
"625","TOOL","1377"
"996","TOOL","1377"
"607","TOOL","1377"
"989","TOOL","1377"
"990","TOOL","1377"
"167","TOOL","1377"
"445","TOOL","1377"
"302","TOOL","1377"
"380","TOOL","1377"
"997","TOOL","1377"
"1014","TOOL","1377"
"811","TOOL","1377"
"626","TOOL","1377"
"994","TOOL","1377"
"160","TOOL","1377"
"797","TOOL","1377"
"287","TOOL","1377"
"163","TOOL","1377"
"1003","TOOL","1378"
"244","TOOL","1378"
"1024","TOOL","1378"
"989","TOOL","1378"
"625","TOOL","1378"
"625","TOOL","1379"
"1024","TOOL","1379"
"626","TOOL","1379"
"628","TOOL","1380"
"1280","TOOL_RELATED","1381"
"646","TOOL","1381"
"176","TOOL","1381"
"743","TOOL","1381"
"1362","TOOL_RELATED","1382"
"869","TOOL","1382"
"871","TOOL","1382"
"734","TOOL","1382"
"866","TOOL","1382"
"868","TOOL","1382"
"646","TOOL","1382"
"653","TOOL","1383"
"660","TOOL","1384"
"1249","TOOL_RELATED","1385"
"1355","TOOL_RELATED","1385"
"224","TOOL","1385"
"378","TOOL","1385"
"200","TOOL","1385"
"671","TOOL","1385"
"823","TOOL","1385"
"1015","TOOL","1385"
"661","TOOL","1385"
"666","TOOL","1385"
"417","TOOL","1385"
"704","TOOL","1385"
"665","TOOL","1385"
"829","TOOL","1385"
"729","TOOL","1385"
"405","TOOL","1385"
"222","TOOL","1385"
"208","TOOL","1385"
"383","TOOL","1385"
"1010","TOOL","1385"
"733","TOOL","1385"
"708","TOOL","1385"
"221","TOOL","1385"
"668","TOOL","1385"
"664","TOOL","1385"
"666","TOOL","1386"
"664","TOOL","1386"
"661","TOOL","1386"
"665","TOOL","1386"
"158","TOOL","1387"
"1021","TOOL","1387"
"669","TOOL","1387"
"465","TOOL","1387"
"466","TOOL","1387"
"662","TOOL","1387"
"458","TOOL","1387"
"667","TOOL","1387"
"715","TOOL","1387"
"599","TOOL","1387"
"468","TOOL","1387"
"462","TOOL","1387"
"759","TOOL","1388"
"749","TOOL","1388"
"753","TOOL","1388"
"756","TOOL","1388"
"760","TOOL","1388"
"755","TOOL","1388"
"794","TOOL","1389"
"441","TOOL","1390"
"784","TOOL","1390"
"863","TOOL","1390"
"436","TOOL","1390"
"864","TOOL","1390"
"866","TOOL","1390"
"437","TOOL","1390"
"440","TOOL","1390"
"819","TOOL","1390"
"813","TOOL","1390"
"865","TOOL","1390"
"992","TOOL","1390"
"838","TOOL","1390"
"814","TOOL","1390"
"31","TOOL","1390"
"438","TOOL","1390"
"310","TOOL","1390"
"1006","TOOL","1390"
"868","TOOL","1390"
"705","TOOL","1390"
"867","TOOL","1390"
"706","TOOL","1390"
"94","TOOL","1390"
"1016","TOOL","1390"
"997","TOOL","1390"
"730","TOOL","1390"
"442","TOOL","1390"
"1024","TOOL","1390"
"870","TOOL","1390"
"14","TOOL","1390"
"869","TOOL","1390"
"502","TOOL","1390"
"126","TOOL","1390"
"17","TOOL","1390"
"439","TOOL","1390"
"871","TOOL","1390"
"1017","TOOL","1390"
"817","TOOL","1390"
"799","TOOL","1390"
"435","TOOL","1390"
"1360","TOOL_RELATED","1391"
"1175","TOOL_RELATED","1391"
"1208","TOOL_RELATED","1391"
"872","TOOL","1391"
"877","TOOL","1391"
"603","TOOL","1391"
"876","TOOL","1391"
"606","TOOL","1391"
"1022","TOOL","1391"
"604","TOOL","1391"
"875","TOOL","1391"
"878","TOOL","1391"
"873","TOOL","1391"
"874","TOOL","1391"
"1023","TOOL","1391"
"308","TOOL","1391"
"879","TOOL","1391"
"600","TOOL","1391"
"885","TOOL","1392"
"886","TOOL","1392"
"888","TOOL","1392"
"884","TOOL","1392"
"887","TOOL","1392"
"1188","TOOL_RELATED","1393"
"599","TOOL","1393"
"897","TOOL","1393"
"461","TOOL","1393"
"1010","TOOL","1393"
"901","TOOL","1393"
"889","TOOL","1393"
"992","TOOL","1393"
"464","TOOL","1393"
"890","TOOL","1393"
"1008","TOOL","1393"
"463","TOOL","1393"
"903","TOOL","1393"
"896","TOOL","1393"
"1009","TOOL","1393"
"902","TOOL","1393"
"467","TOOL","1393"
"1016","TOOL","1393"
"1021","TOOL","1393"
"893","TOOL","1393"
"994","TOOL","1393"
"898","TOOL","1393"
"1015","TOOL","1393"
"891","TOOL","1393"
"1013","TOOL","1393"
"1003","TOOL","1393"
"1024","TOOL","1393"
"900","TOOL","1393"
"899","TOOL","1393"
"598","TOOL","1393"
"895","TOOL","1393"
"1017","TOOL","1393"
"892","TOOL","1393"
"989","TOOL","1393"
"894","TOOL","1393"
"1208","TOOL_RELATED","1394"
"913","TOOL","1394"
"908","TOOL","1394"
"914","TOOL","1394"
"415","TOOL","1394"
"917","TOOL","1394"
"918","TOOL","1394"
"906","TOOL","1394"
"911","TOOL","1394"
"915","TOOL","1394"
"904","TOOL","1394"
"1022","TOOL","1394"
"912","TOOL","1394"
"907","TOOL","1394"
"1023","TOOL","1394"
"909","TOOL","1394"
"413","TOOL","1394"
"910","TOOL","1394"
"905","TOOL","1394"
"727","TOOL","1394"
"410","TOOL","1394"
"916","TOOL","1394"
"763","TOOL","1395"
"932","TOOL","1395"
"927","TOOL","1395"
"433","TOOL","1395"
"928","TOOL","1395"
"939","TOOL","1395"
"1024","TOOL","1395"
"933","TOOL","1395"
"929","TOOL","1395"
"610","TOOL","1395"
"434","TOOL","1395"
"930","TOOL","1395"
"432","TOOL","1395"
"233","TOOL","1395"
"937","TOOL","1395"
"940","TOOL","1395"
"935","TOOL","1395"
"938","TOOL","1395"
"934","TOOL","1395"
"931","TOOL","1395"
"936","TOOL","1395"
"941","TOOL","1396"
"943","TOOL","1396"
"740","TOOL","1396"
"743","TOOL","1396"
"866","TOOL","1396"
"871","TOOL","1396"
"869","TOOL","1396"
"944","TOOL","1396"
"942","TOOL","1396"
"868","TOOL","1396"
"945","TOOL","1396"
"950","TOOL","1397"
"947","TOOL","1397"
"946","TOOL","1397"
"948","TOOL","1397"
"949","TOOL","1397"
"428","TOOL","1397"
"963","TOOL","1398"
"96","TOOL","1398"
"958","TOOL","1398"
"956","TOOL","1398"
"994","TOOL","1398"
"960","TOOL","1398"
"957","TOOL","1398"
"953","TOOL","1398"
"138","TOOL","1398"
"954","TOOL","1398"
"89","TOOL","1398"
"480","TOOL","1398"
"1019","TOOL","1398"
"1018","TOOL","1398"
"962","TOOL","1398"
"992","TOOL","1398"
"959","TOOL","1398"
"952","TOOL","1398"
"955","TOOL","1398"
"961","TOOL","1398"
"1185","TOOL_RELATED","1399"
"967","TOOL","1399"
"1018","TOOL","1399"
"971","TOOL","1399"
"992","TOOL","1399"
"991","TOOL","1399"
"973","TOOL","1399"
"972","TOOL","1399"
"522","TOOL","1399"
"974","TOOL","1399"
"968","TOOL","1399"
"966","TOOL","1399"
"444","TOOL","1399"
"994","TOOL","1399"
"969","TOOL","1399"
"366","TOOL","1399"
"965","TOOL","1399"
"530","TOOL","1399"
"970","TOOL","1399"
"975","TOOL","1399"
"964","TOOL","1399"
"93","TOOL","1399"
"985","TOOL","1400"
"982","TOOL","1400"
"591","TOOL","1400"
"986","TOOL","1400"
"2","TOOL","1400"
"1","TOOL","1400"
"983","TOOL","1400"
"469","TOOL","1400"
"984","TOOL","1400"
"987","TOOL","1400"
"988","TOOL","1400"
"1016","TOOL","1400"
"797","TOOL","1401"
"14","TOOL","1401"
"627","TOOL","1401"
"796","TOOL","1401"
"814","TOOL","1401"
"799","TOOL","1401"
"1355","TOOL_RELATED","1402"
"1252","TOOL_RELATED","1402"
"539","TOOL","1402"
"990","TOOL","1402"
"168","TOOL","1402"
"1013","TOOL","1402"
"485","TOOL","1402"
"11","TOOL","1402"
"537","TOOL","1402"
"359","TOOL","1402"
"217","TOOL","1402"
"996","TOOL","1402"
"25","TOOL","1402"
"378","TOOL","1402"
"13","TOOL","1402"
"998","TOOL","1402"
"12","TOOL","1402"
"9","TOOL","1402"
"481","TOOL","1402"
"1018","TOOL","1402"
"163","TOOL","1402"
"1020","TOOL","1402"
"380","TOOL","1402"
"8","TOOL","1402"
"994","TOOL","1402"
"390","TOOL","1402"
"10","TOOL","1402"
"54","TOOL","1403"
"67","TOOL","1404"
"611","TOOL","1404"
"725","TOOL","1404"
"356","TOOL","1404"
"1015","TOOL","1404"
"90","TOOL","1404"
"1008","TOOL","1404"
"262","TOOL","1405"
"256","TOOL","1405"
"257","TOOL","1405"
"126","TOOL","1405"
"259","TOOL","1405"
"260","TOOL","1405"
"31","TOOL","1405"
"370","TOOL","1405"
"73","TOOL","1405"
"372","TOOL","1405"
"73","TOOL","1406"
"95","TOOL","1406"
"27","TOOL","1406"
"32","TOOL","1406"
"1355","TOOL_RELATED","1407"
"110","TOOL","1407"
"78","TOOL","1407"
"78","TOOL","1408"
"1021","TOOL","1408"
"1016","TOOL","1408"
"1018","TOOL","1408"
"1015","TOOL","1408"
"1009","TOOL","1408"
"91","TOOL","1409"
"102","TOOL","1410"
"1356","TOOL_RELATED","1411"
"992","TOOL","1411"
"994","TOOL","1411"
"735","TOOL","1411"
"281","TOOL","1411"
"739","TOOL","1411"
"285","TOOL","1411"
"507","TOOL","1411"
"276","TOOL","1411"
"275","TOOL","1411"
"280","TOOL","1411"
"736","TOOL","1411"
"277","TOOL","1411"
"104","TOOL","1411"
"504","TOOL","1411"
"278","TOOL","1411"
"105","TOOL","1412"
"105","TOOL","1413"
"109","TOOL","1414"
"1352","TOOL_RELATED","1415"
"1349","TOOL_RELATED","1415"
"162","TOOL","1415"
"406","TOOL","1415"
"239","TOOL","1415"
"1015","TOOL","1415"
"996","TOOL","1415"
"825","TOOL","1415"
"617","TOOL","1415"
"228","TOOL","1415"
"236","TOOL","1415"
"994","TOOL","1415"
"1014","TOOL","1415"
"811","TOOL","1415"
"541","TOOL","1415"
"990","TOOL","1415"
"163","TOOL","1415"
"237","TOOL","1415"
"490","TOOL","1415"
"348","TOOL","1415"
"426","TOOL","1415"
"840","TOOL","1415"
"542","TOOL","1415"
"186","TOOL","1415"
"427","TOOL","1415"
"546","TOOL","1415"
"754","TOOL","1415"
"235","TOOL","1415"
"168","TOOL","1415"
"296","TOOL","1415"
"997","TOOL","1415"
"538","TOOL","1415"
"1018","TOOL","1415"
"159","TOOL","1415"
"624","TOOL","1415"
"238","TOOL","1415"
"164","TOOL","1415"
"233","TOOL","1415"
"989","TOOL","1415"
"535","TOOL","1416"
"161","TOOL","1416"
"170","TOOL","1416"
"1015","TOOL","1416"
"998","TOOL","1416"
"543","TOOL","1416"
"168","TOOL","1416"
"382","TOOL","1416"
"534","TOOL","1416"
"994","TOOL","1416"
"1014","TOOL","1416"
"163","TOOL","1416"
"532","TOOL","1416"
"478","TOOL","1416"
"358","TOOL","1416"
"1018","TOOL","1416"
"536","TOOL","1416"
"528","TOOL","1416"
"394","TOOL","1416"
"166","TOOL","1416"
"484","TOOL","1416"
"482","TOOL","1416"
"533","TOOL","1416"
"996","TOOL","1416"
"185","TOOL","1417"
"1177","TOOL_RELATED","1418"
"564","TOOL","1418"
"553","TOOL","1418"
"562","TOOL","1418"
"565","TOOL","1418"
"219","TOOL","1418"
"217","TOOL","1418"
"571","TOOL","1418"
"1003","TOOL","1418"
"563","TOOL","1418"
"215","TOOL","1418"
"350","TOOL","1418"
"223","TOOL","1419"
"1210","TOOL_RELATED","1420"
"245","TOOL","1420"
"246","TOOL","1420"
"1266","TOOL_RELATED","1421"
"254","TOOL","1421"
"288","TOOL","1422"
"287","TOOL","1422"
"276","TOOL","1422"
"282","TOOL","1422"
"278","TOOL","1422"
"1362","TOOL_RELATED","1423"
"1369","TOOL_RELATED","1423"
"311","TOOL","1423"
"309","TOOL","1423"
"305","TOOL","1423"
"307","TOOL","1423"
"313","TOOL","1423"
"306","TOOL","1423"
"304","TOOL","1423"
"646","TOOL","1423"
"729","TOOL","1423"
"310","TOOL","1423"
"312","TOOL","1423"
"734","TOOL","1423"
"331","TOOL","1424"
"357","TOOL","1425"
"362","TOOL","1426"
"363","TOOL","1428"
"366","TOOL","1428"
"1015","TOOL","1428"
"362","TOOL","1428"
"1014","TOOL","1428"
"992","TOOL","1428"
"366","TOOL","1429"
"378","TOOL","1429"
"390","TOOL","1429"
"392","TOOL","1429"
"383","TOOL","1429"
"408","TOOL","1430"
"1004","TOOL","1431"
"414","TOOL","1431"
"551","TOOL","1432"
"552","TOOL","1432"
"546","TOOL","1432"
"547","TOOL","1432"
"489","TOOL","1432"
"418","TOOL","1432"
"492","TOOL","1432"
"525","TOOL","1432"
"1019","TOOL","1432"
"578","TOOL","1432"
"493","TOOL","1432"
"431","TOOL","1433"
"431","TOOL","1434"
"431","TOOL","1435"
"676","TOOL","1435"
"449","TOOL","1436"
"1236","TOOL_RELATED","1437"
"1357","TOOL_RELATED","1437"
"459","TOOL","1437"
"460","TOOL","1437"
"1010","TOOL","1437"
"465","TOOL","1437"
"463","TOOL","1438"
"599","TOOL","1438"
"460","TOOL","1438"
"1010","TOOL","1438"
"1021","TOOL","1438"
"464","TOOL","1439"
"461","TOOL","1439"
"467","TOOL","1439"
"478","TOOL","1440"
"487","TOOL","1441"
"1019","TOOL","1441"
"1020","TOOL","1442"
"496","TOOL","1442"
"498","TOOL","1442"
"497","TOOL","1442"
"499","TOOL","1442"
"1019","TOOL","1442"
"546","TOOL","1443"
"954","TOOL","1443"
"962","TOOL","1443"
"524","TOOL","1443"
"523","TOOL","1444"
"549","TOOL","1445"
"453","TOOL","1446"
"552","TOOL","1446"
"564","TOOL","1447"
"554","TOOL","1447"
"573","TOOL","1448"
"1017","TOOL","1448"
"574","TOOL","1449"
"465","TOOL","1450"
"1370","TOOL_RELATED","1451"
"1022","TOOL","1451"
"1004","TOOL","1451"
"602","TOOL","1451"
"1023","TOOL","1451"
"1023","TOOL","1452"
"602","TOOL","1452"
"1022","TOOL","1452"
"1022","TOOL","1453"
"1004","TOOL","1453"
"603","TOOL","1453"
"1023","TOOL","1453"
"648","TOOL","1454"
"683","TOOL","1455"
"713","TOOL","1456"
"882","TOOL","1457"
"880","TOOL","1457"
"881","TOOL","1457"
"819","TOOL","1457"
"713","TOOL","1457"
"829","TOOL","1457"
"883","TOOL","1457"
"717","TOOL","1458"
"728","TOOL","1459"
"728","TOOL","1460"
"738","TOOL","1461"
"739","TOOL","1461"
"736","TOOL","1461"
"244","TOOL","1461"
"743","TOOL","1462"
"1018","TOOL","1462"
"1020","TOOL","1462"
"790","TOOL","1463"
"1313","TOOL_RELATED","1464"
"790","TOOL","1464"
"1013","TOOL","1464"
"1008","TOOL","1464"
"796","TOOL","1465"
"829","TOOL","1466"
"919","TOOL","1467"
"923","TOOL","1467"
"1008","TOOL","1467"
"1016","TOOL","1467"
"924","TOOL","1467"
"921","TOOL","1467"
"920","TOOL","1467"
"925","TOOL","1467"
"922","TOOL","1467"
"996","TOOL","1467"
"926","TOOL","1467"
"5","TOOL","1468"
"4","TOOL","1468"
"3","TOOL","1468"
"7","TOOL","1468"
"6","TOOL","1468"
"58","TOOL","1469"
"59","TOOL","1469"
"126","TOOL","1470"
"31","TOOL","1470"
"158","TOOL","1471"
"1018","TOOL","1471"
"139","TOOL","1471"
"139","TOOL","1472"
"146","TOOL","1473"
"1001","TOOL","1473"
"139","TOOL","1473"
"185","TOOL","1474"
"191","TOOL","1475"
"194","TOOL","1476"
"244","TOOL","1477"
"279","TOOL","1478"
"994","TOOL","1479"
"280","TOOL","1479"
"280","TOOL","1480"
"280","TOOL","1481"
"1356","TOOL_RELATED","1482"
"287","TOOL","1482"
"353","TOOL","1483"
"356","TOOL","1484"
"366","TOOL","1485"
"392","TOOL","1486"
"378","TOOL","1486"
"379","TOOL","1487"
"382","TOOL","1488"
"382","TOOL","1489"
"383","TOOL","1490"
"385","TOOL","1491"
"408","TOOL","1492"
"417","TOOL","1493"
"426","TOOL","1494"
"427","TOOL","1494"
"438","TOOL","1495"
"997","TOOL","1495"
"1016","TOOL","1495"
"1010","TOOL","1495"
"1017","TOOL","1495"
"454","TOOL","1496"
"1009","TOOL","1497"
"456","TOOL","1497"
"1013","TOOL","1497"
"1008","TOOL","1497"
"480","TOOL","1497"
"996","TOOL","1497"
"463","TOOL","1498"
"476","TOOL","1499"
"480","TOOL","1500"
"477","TOOL","1500"
"501","TOOL","1501"
"501","TOOL","1502"
"996","TOOL","1503"
"502","TOOL","1503"
"502","TOOL","1504"
"1014","TOOL","1505"
"503","TOOL","1505"
"1020","TOOL","1505"
"1018","TOOL","1506"
"1008","TOOL","1506"
"1010","TOOL","1506"
"1016","TOOL","1506"
"989","TOOL","1506"
"997","TOOL","1506"
"1017","TOOL","1506"
"1020","TOOL","1506"
"1021","TOOL","1506"
"992","TOOL","1507"
"992","TOOL","1508"
"992","TOOL","1509"
"992","TOOL","1510"
"992","TOOL","1511"
"992","TOOL","1512"
"992","TOOL","1513"
"992","TOOL","1514"
"992","TOOL","1515"
"992","TOOL","1516"
"992","TOOL","1517"
"992","TOOL","1518"
"1018","TOOL","1519"
"994","TOOL","1519"
"996","TOOL","1520"
"1013","TOOL","1520"
"1020","TOOL","1520"
"1016","TOOL","1521"
"1017","TOOL","1521"
"1018","TOOL","1521"
"997","TOOL","1521"
"1017","TOOL","1522"
"1016","TOOL","1522"
"1009","TOOL","1522"
"997","TOOL","1522"
"1011","TOOL","1522"
"1008","TOOL","1522"
"997","TOOL","1523"
"1016","TOOL","1523"
"1017","TOOL","1524"
"997","TOOL","1524"
"997","TOOL","1525"
"998","TOOL","1526"
"998","TOOL","1527"
"998","TOOL","1528"
"1019","TOOL","1528"
"999","TOOL","1529"
"1000","TOOL","1529"
"999","TOOL","1530"
"999","TOOL","1531"
"1003","TOOL","1532"
"1003","TOOL","1533"
"1004","TOOL","1534"
"1023","TOOL","1534"
"1004","TOOL","1535"
"1004","TOOL","1536"
"1008","TOOL","1537"
"1020","TOOL","1538"
"1009","TOOL","1538"
"1016","TOOL","1539"
"1017","TOOL","1540"
"1017","TOOL","1541"
"1021","TOOL","1541"
"1017","TOOL","1542"
"1019","TOOL","1543"
"1019","TOOL","1544"
"1019","TOOL","1545"
"991","TOOL","1546"
"1020","TOOL","1546"
"1022","TOOL","1547"
"1023","TOOL","1547"
"1022","TOOL","1548"
"1023","TOOL","1548"
"1022","TOOL","1549"
"1023","TOOL","1549"
"1022","TOOL","1550"
"1023","TOOL","1551"
"1004","TOOL","1551"
"1023","TOOL","1552"
"990","TOOL","1553"
"1000","TOOL","1554"
"1000","TOOL","1555"
"1000","TOOL","1556"
"1000","TOOL","1557"
"1003","TOOL","1558"
"1008","TOOL","1559"
"1015","TOOL","1560"
"1016","TOOL","1561"
"1179","TOOL_RELATED","1562"
"1016","TOOL","1562"
"1016","TOOL","1563"
"1016","TOOL","1564"
"1016","TOOL","1565"
"1016","TOOL","1566"
"1018","TOOL","1567"
"1018","TOOL","1568"
"1018","TOOL","1569"
"1021","TOOL","1570"
"1024","TOOL","1571"
"1196","TOOL_RELATED","1572"
"1193","TOOL_RELATED","1572"
"1363","TOOL_RELATED","1572"
"1363","TOOL_RELATED","1573"
"1193","TOOL_RELATED","1573"
"1196","TOOL_RELATED","1573"
"1271","TOOL_RELATED","1574"
"1271","TOOL_RELATED","1575"
"1337","TOOL_RELATED","1576"
"1337","TOOL_RELATED","1577"
"1280","TOOL_RELATED","1578"
"1283","TOOL_RELATED","1579"
"1283","TOOL_RELATED","1580"
"1178","TOOL_RELATED","1581"
"1225","TOOL_RELATED","1582"
"1178","TOOL_RELATED","1582"
"1306","TOOL_RELATED","1582"
"1198","TOOL_RELATED","1583"
"1177","TOOL_RELATED","1584"
"1188","TOOL_RELATED","1585"
"1370","TOOL_RELATED","1585"
"1370","TOOL_RELATED","1586"
"1371","TOOL_RELATED","1587"
"1226","TOOL_RELATED","1588"
"1226","TOOL_RELATED","1589"
"1236","TOOL_RELATED","1590"
"1227","TOOL_RELATED","1590"
"1248","TOOL_RELATED","1591"
"1248","TOOL_RELATED","1592"
"1256","TOOL_RELATED","1593"
"1256","TOOL_RELATED","1594"
"1261","TOOL_RELATED","1595"
"1261","TOOL_RELATED","1596"
"1278","TOOL_RELATED","1597"
"1278","TOOL_RELATED","1598"
"1278","TOOL_RELATED","1599"
"1238","TOOL_RELATED","1600"
"1238","TOOL_RELATED","1601"
"1238","TOOL_RELATED","1602"
"1356","TOOL_RELATED","1603"
"1225","TOOL_RELATED","1604"
"1360","TOOL_RELATED","1605"
"1360","TOOL_RELATED","1606"
"1175","TOOL_RELATED","1606"
"1266","TOOL_RELATED","1607"
"1266","TOOL_RELATED","1608"
"1254","TOOL_RELATED","1609"
"1179","TOOL_RELATED","1610"
"1179","TOOL_RELATED","1611"
"1202","TOOL_RELATED","1612"
"1202","TOOL_RELATED","1613"
"1223","TOOL_RELATED","1614"
"1223","TOOL_RELATED","1615"
"1223","TOOL_RELATED","1616"
"1223","TOOL_RELATED","1617"
"1308","TOOL_RELATED","1618"
"1308","TOOL_RELATED","1619"
"1308","TOOL_RELATED","1620"
"1310","TOOL_RELATED","1621"
"1000","TECH","1621"
"1339","TOOL_RELATED","1622"
"1361","TOOL_RELATED","1623"
"1306","TOOL_RELATED","1624"
"1306","TOOL_RELATED","1625"
"1306","TOOL_RELATED","1626"
"1306","TOOL_RELATED","1627"
"1306","TOOL_RELATED","1628"
"1306","TOOL_RELATED","1629"
"1188","TOOL_RELATED","1630"
"1188","TOOL_RELATED","1631"
"1175","TOOL_RELATED","1632"
